<?xml version="1.0" encoding="UTF-8"?>
<jcr:root xmlns:sling="http://sling.apache.org/jcr/sling/1.0" xmlns:cq="http://www.day.com/jcr/cq/1.0"
          xmlns:jcr="http://www.jcp.org/jcr/1.0" xmlns:nt="http://www.jcp.org/jcr/nt/1.0"
          jcr:primaryType="cq:Page">
    <jcr:content
            cq:lastModified="{Date}2018-10-04T09:50:29.650+02:00"
            cq:lastModifiedBy="admin"
            cq:template="/conf/venia/settings/wcm/templates/spa-page-template"
            jcr:primaryType="cq:PageContent"
            jcr:title="Venia Home Page"
            sling:resourceType="venia/components/page">
        <root
                jcr:primaryType="nt:unstructured"
                sling:resourceType="wcm/foundation/components/responsivegrid">
            <responsivegrid
                    jcr:primaryType="nt:unstructured"
                    sling:resourceType="wcm/foundation/components/responsivegrid">
                <productteaser
                        jcr:primaryType="nt:unstructured"
                        sling:resourceType="venia/components/commerce/productteaser"
                        selection="WH01"
                        cta="add-to-cart"
                        ctaText="Buy this now!">
                    <cq:responsive jcr:primaryType="nt:unstructured">
                        <default jcr:primaryType="nt:unstructured"
                                 offset="4"
                                 width="4"/>
                    </cq:responsive>
                </productteaser>
                <text
                        jcr:primaryType="nt:unstructured"
                        sling:resourceType="venia/components/text"
                        text="&lt;p>Hello World!&lt;/p>"
                        textIsRich="true">
                    <cq:responsive jcr:primaryType="nt:unstructured"/>
                </text>
            </responsivegrid>
        </root>
    </jcr:content>
</jcr:root>
